node,node_idx,window_idx,score,threshold
YARN6----hyg-gx-0323.odata.ncmp.unicom.local,14,294,0.09139624754472143,0.08031180507945554
YARN6----hyg-gx-0041.odata.ncmp.unicom.local,2,316,0.08257315876436061,0.07716346736898506
YARN6----hyg-gx-0018.odata.ncmp.unicom.local,1,318,0.18663481392650982,0.0770513982410431
YARN6----hyg-gx-0018.odata.ncmp.unicom.local,1,319,0.24292707140173203,0.0770513982410431
YARN6----hyg-gx-0061.odata.ncmp.unicom.local,3,320,0.08878967887648397,0.0770513982410431
YARN6----hyg-gx-0004.odata.ncmp.unicom.local,0,324,0.08489385817893143,0.0782572311678723
YARN6----hyg-gx-0161.odata.ncmp.unicom.local,7,331,0.07782231032474028,0.07715260642400554
YARN6----hyg-gx-0091.odata.ncmp.unicom.local,4,334,0.10801259516324876,0.0770132102521161
YARN6----hyg-gx-0161.odata.ncmp.unicom.local,7,334,0.14026769203404402,0.0770132102521161
YARN6----hyg-gx-0229.odata.ncmp.unicom.local,9,334,0.13925398918266704,0.0770132102521161
YARN6----hyg-gx-0018.odata.ncmp.unicom.local,1,339,0.39897763080980025,0.07867301120458017
YARN6----hyg-gx-0018.odata.ncmp.unicom.local,1,340,0.16485902808114697,0.07867301120458017
YARN6----hyg-gx-0018.odata.ncmp.unicom.local,1,342,0.2900342721193781,0.0797016586307956
YARN6----hyg-gx-0018.odata.ncmp.unicom.local,1,343,0.17831740096688065,0.0797016586307956
YARN6----hyg-gx-0041.odata.ncmp.unicom.local,2,356,0.08584857564334626,0.0789395704287233
YARN6----hyg-gx-0091.odata.ncmp.unicom.local,4,356,0.08810415916725384,0.0789395704287233
YARN6----hyg-gx-0273.odata.ncmp.unicom.local,12,356,0.14989193586757785,0.0789395704287233
YARN6----hyg-gx-0004.odata.ncmp.unicom.local,0,362,0.09406556511377616,0.07948007105652287
YARN6----hyg-gx-0018.odata.ncmp.unicom.local,1,363,0.2657126624551921,0.07948007105652287
YARN6----hyg-gx-0018.odata.ncmp.unicom.local,1,364,0.33094683949101006,0.07948007105652287
YARN6----hyg-gx-0018.odata.ncmp.unicom.local,1,365,0.38385461708510943,0.08064530550574439
YARN6----hyg-gx-0018.odata.ncmp.unicom.local,1,366,0.26961693330649483,0.08064530550574439
YARN6----hyg-gx-0018.odata.ncmp.unicom.local,1,368,0.5195895551239429,0.08159315166683467
YARN6----hyg-gx-0018.odata.ncmp.unicom.local,1,369,0.3297497738262303,0.08159315166683467
YARN6----hyg-gx-0018.odata.ncmp.unicom.local,1,370,0.2888058359491727,0.08159315166683467
YARN6----hyg-gx-0018.odata.ncmp.unicom.local,1,371,0.3278582649005009,0.08382896120841254
YARN6----hyg-gx-0018.odata.ncmp.unicom.local,1,372,0.4366110651283884,0.08382896120841254
YARN6----hyg-gx-0018.odata.ncmp.unicom.local,1,373,0.5746947829713323,0.08382896120841254
YARN6----hyg-gx-0018.odata.ncmp.unicom.local,1,381,0.10510410116022267,0.08449817346911254
YARN6----hyg-gx-0239.odata.ncmp.unicom.local,10,384,0.0984882225212835,0.08443846062972411
YARN6----hyg-gx-0303.odata.ncmp.unicom.local,13,384,0.1618527300576845,0.08443846062972411
YARN6----hyg-gx-0180.odata.ncmp.unicom.local,8,387,0.08984004640057534,0.08484419091545535
YARN6----hyg-gx-0041.odata.ncmp.unicom.local,2,388,0.10949190069726471,0.08484419091545535
YARN6----hyg-gx-0273.odata.ncmp.unicom.local,12,388,0.10128431606648956,0.08484419091545535
YARN6----hyg-gx-0041.odata.ncmp.unicom.local,2,389,0.09615391291509821,0.08484419091545535
YARN6----hyg-gx-0041.odata.ncmp.unicom.local,2,394,0.11487863306904471,0.08585910991312064
YARN6----hyg-gx-0018.odata.ncmp.unicom.local,1,406,0.12305263011390523,0.08586607255972367
YARN6----hyg-gx-0018.odata.ncmp.unicom.local,1,407,0.27063865236348356,0.08586607255972367
YARN6----hyg-gx-0018.odata.ncmp.unicom.local,1,412,0.49088835148751425,0.08591977039592233
YARN6----hyg-gx-0018.odata.ncmp.unicom.local,1,413,0.19077635183997482,0.08591977039592233
YARN6----hyg-gx-0018.odata.ncmp.unicom.local,1,415,0.33794953161058133,0.08702986242810946
YARN6----hyg-gx-0018.odata.ncmp.unicom.local,1,416,0.516064318246645,0.08702986242810946
YARN6----hyg-gx-0303.odata.ncmp.unicom.local,13,430,0.14467930348893673,0.08632460938997877
YARN6----hyg-gx-0018.odata.ncmp.unicom.local,1,434,0.10428589589019237,0.08632460938997877
YARN6----hyg-gx-0018.odata.ncmp.unicom.local,1,435,0.10879204491953402,0.08669007856294424
YARN6----hyg-gx-0239.odata.ncmp.unicom.local,10,441,0.09110676468655658,0.08624508433751536
YARN6----hyg-gx-0121.odata.ncmp.unicom.local,5,451,0.08730007693663795,0.08582412421398677
YARN6----hyg-gx-0161.odata.ncmp.unicom.local,7,459,0.10859566366197819,0.0851735856387002
YARN6----hyg-gx-0018.odata.ncmp.unicom.local,1,463,0.18187645423911156,0.08514143750659665
YARN6----hyg-gx-0018.odata.ncmp.unicom.local,1,464,0.09688118632521166,0.08514143750659665
YARN6----hyg-gx-0004.odata.ncmp.unicom.local,0,469,0.11502480258200089,0.08500069153909709
YARN6----hyg-gx-0121.odata.ncmp.unicom.local,5,480,0.08444055595352545,0.08426647623435275
YARN6----hyg-gx-0041.odata.ncmp.unicom.local,2,483,0.09011343372778746,0.08415218913766542
YARN6----hyg-gx-0018.odata.ncmp.unicom.local,1,484,0.3827075738057416,0.08415218913766542
YARN6----hyg-gx-0018.odata.ncmp.unicom.local,1,485,0.10447284074822885,0.08470424070365742
YARN6----hyg-gx-0018.odata.ncmp.unicom.local,1,489,0.11933479127283901,0.08466765833011257
YARN6----hyg-gx-0018.odata.ncmp.unicom.local,1,490,0.17682446157135176,0.08466765833011257
YARN6----hyg-gx-0303.odata.ncmp.unicom.local,13,493,0.16548784260363328,0.08496322506925243
YARN6----hyg-gx-0323.odata.ncmp.unicom.local,14,496,0.10643922545275308,0.08500961839485618
YARN6----hyg-gx-0229.odata.ncmp.unicom.local,9,504,0.0870375462028528,0.08467104440058618
YARN6----hyg-gx-0018.odata.ncmp.unicom.local,1,505,0.4291890370877011,0.08467104440058618
YARN6----hyg-gx-0018.odata.ncmp.unicom.local,1,506,0.3439962438711532,0.08467104440058618
YARN6----hyg-gx-0018.odata.ncmp.unicom.local,1,507,0.44058025462120054,0.08467104440058618
YARN6----hyg-gx-0018.odata.ncmp.unicom.local,1,508,0.2843219997441126,0.08667990368170773
YARN6----hyg-gx-0018.odata.ncmp.unicom.local,1,509,0.28968200091056523,0.08667990368170773
YARN6----hyg-gx-0018.odata.ncmp.unicom.local,1,510,0.40204764819991684,0.08667990368170773
YARN6----hyg-gx-0018.odata.ncmp.unicom.local,1,511,0.2853867348965692,0.08789178238956291
YARN6----hyg-gx-0018.odata.ncmp.unicom.local,1,515,0.41704644229749,0.08825623285299859
YARN6----hyg-gx-0018.odata.ncmp.unicom.local,1,516,0.42110800751402505,0.08825623285299859
YARN6----hyg-gx-0041.odata.ncmp.unicom.local,2,525,0.10505792118832737,0.0881163837101603
YARN6----hyg-gx-0121.odata.ncmp.unicom.local,5,529,0.10362200257818846,0.08806557987003115
YARN6----hyg-gx-0018.odata.ncmp.unicom.local,1,550,0.40272224030602466,0.08640433395180117
YARN6----hyg-gx-0018.odata.ncmp.unicom.local,1,551,0.3412658421841396,0.08688722331258798
YARN6----hyg-gx-0018.odata.ncmp.unicom.local,1,552,0.16825362289887835,0.08688722331258798
YARN6----hyg-gx-0018.odata.ncmp.unicom.local,1,559,0.41903105282382835,0.08704554955307156
YARN6----hyg-gx-0018.odata.ncmp.unicom.local,1,560,0.42976219578894204,0.08704554955307156
YARN6----hyg-gx-0239.odata.ncmp.unicom.local,10,580,0.08779506185323185,0.0863026681801906
YARN6----hyg-gx-0303.odata.ncmp.unicom.local,13,585,0.1076059463077073,0.08610072781194693
YARN6----hyg-gx-0018.odata.ncmp.unicom.local,1,592,0.1711040467510161,0.0859418985844504
YARN6----hyg-gx-0018.odata.ncmp.unicom.local,1,593,0.23767711948318576,0.0859418985844504
YARN6----hyg-gx-0018.odata.ncmp.unicom.local,1,594,0.31326615121833384,0.0859418985844504
YARN6----hyg-gx-0018.odata.ncmp.unicom.local,1,595,0.23882029667913848,0.08704211533187745
YARN6----hyg-gx-0018.odata.ncmp.unicom.local,1,596,0.1410758770470596,0.08704211533187745
YARN6----hyg-gx-0018.odata.ncmp.unicom.local,1,597,0.13207875928325527,0.08704211533187745
YARN6----hyg-gx-0004.odata.ncmp.unicom.local,0,599,0.11373211841740913,0.08784018319131381
YARN6----hyg-gx-0061.odata.ncmp.unicom.local,3,602,0.09539664974363607,0.08861178550822855
YARN6----hyg-gx-0018.odata.ncmp.unicom.local,1,609,0.25324410160332317,0.08851972634250499
YARN6----hyg-gx-0180.odata.ncmp.unicom.local,8,620,0.08854599727183907,0.08834531453307393
YARN6----hyg-gx-0018.odata.ncmp.unicom.local,1,622,0.10350560979749486,0.08826882420531489
YARN6----hyg-gx-0041.odata.ncmp.unicom.local,2,626,0.09853868674480006,0.08823794807275728
YARN6----hyg-gx-0273.odata.ncmp.unicom.local,12,626,0.09911039369226872,0.08823794807275728
YARN6----hyg-gx-0018.odata.ncmp.unicom.local,1,628,0.12009514731103325,0.08840598029879851
YARN6----hyg-gx-0018.odata.ncmp.unicom.local,1,632,0.11527947490949736,0.08840192411564333
YARN6----hyg-gx-0004.odata.ncmp.unicom.local,0,634,0.09954967544782027,0.08840192411564333
YARN6----hyg-gx-0018.odata.ncmp.unicom.local,1,647,0.23760700924394745,0.08795248989645536
YARN6----hyg-gx-0018.odata.ncmp.unicom.local,1,648,0.23227934115879112,0.08802120093600761
YARN6----hyg-gx-0018.odata.ncmp.unicom.local,1,649,0.3884127767713337,0.08802120093600761
YARN6----hyg-gx-0018.odata.ncmp.unicom.local,1,650,0.379803119465386,0.08802120093600761
YARN6----hyg-gx-0018.odata.ncmp.unicom.local,1,651,0.397377829712691,0.08886770291794874
YARN6----hyg-gx-0018.odata.ncmp.unicom.local,1,652,0.575818251031834,0.08886770291794874
YARN6----hyg-gx-0018.odata.ncmp.unicom.local,1,653,0.4067474485585253,0.08886770291794874
YARN6----hyg-gx-0018.odata.ncmp.unicom.local,1,654,0.27727389297936295,0.08886770291794874
YARN6----hyg-gx-0018.odata.ncmp.unicom.local,1,659,0.3388327659816472,0.08999951657153808
YARN6----hyg-gx-0018.odata.ncmp.unicom.local,1,660,0.6332738051166998,0.08999951657153808
YARN6----hyg-gx-0018.odata.ncmp.unicom.local,1,661,0.3070037904028598,0.09048609101688848
YARN6----hyg-gx-0018.odata.ncmp.unicom.local,1,663,0.09268666728902719,0.09048609101688848
YARN6----hyg-gx-0061.odata.ncmp.unicom.local,3,668,0.11148856709188534,0.09050418199931197
YARN6----hyg-gx-0239.odata.ncmp.unicom.local,10,679,0.09058942749585035,0.08998870370105824
YARN6----hyg-gx-0041.odata.ncmp.unicom.local,2,691,0.09700063252280658,0.08911640604626098
YARN6----hyg-gx-0239.odata.ncmp.unicom.local,10,692,0.16471767144754432,0.08911640604626098
YARN6----hyg-gx-0018.odata.ncmp.unicom.local,1,694,0.154699386924382,0.08911640604626098
YARN6----hyg-gx-0018.odata.ncmp.unicom.local,1,695,0.14321257456096914,0.089957001944056
YARN6----hyg-gx-0018.odata.ncmp.unicom.local,1,696,0.1830027469074962,0.089957001944056
YARN6----hyg-gx-0018.odata.ncmp.unicom.local,1,703,0.5618093320878549,0.09014178341332765
YARN6----hyg-gx-0018.odata.ncmp.unicom.local,1,704,0.4802600936810397,0.09014178341332765
YARN6----hyg-gx-0239.odata.ncmp.unicom.local,10,721,0.10400214903742097,0.08921455118571936
YARN6----hyg-gx-0323.odata.ncmp.unicom.local,14,736,0.12922267043541946,0.0884352021379422
YARN6----hyg-gx-0018.odata.ncmp.unicom.local,1,750,0.1875068761055026,0.08806215523495144
YARN6----hyg-gx-0018.odata.ncmp.unicom.local,1,751,0.243451343872687,0.08810344615857754
YARN6----hyg-gx-0018.odata.ncmp.unicom.local,1,771,0.4120235320449713,0.08645480584452896
YARN6----hyg-gx-0018.odata.ncmp.unicom.local,1,772,0.23114577394161312,0.08645480584452896
YARN6----hyg-gx-0018.odata.ncmp.unicom.local,1,775,0.3962150380608811,0.08693492693011268
YARN6----hyg-gx-0018.odata.ncmp.unicom.local,1,776,0.2683716126087214,0.08693492693011268
YARN6----hyg-gx-0091.odata.ncmp.unicom.local,4,782,0.10440613897436878,0.08709475226459276
YARN6----hyg-gx-0018.odata.ncmp.unicom.local,1,792,0.10073693388467155,0.0864699764247786
YARN6----hyg-gx-0018.odata.ncmp.unicom.local,1,793,0.21195532486556917,0.0864699764247786
YARN6----hyg-gx-0018.odata.ncmp.unicom.local,1,794,0.5169738735447983,0.0864699764247786
YARN6----hyg-gx-0018.odata.ncmp.unicom.local,1,795,0.4258703910841615,0.08718865692881947
YARN6----hyg-gx-0018.odata.ncmp.unicom.local,1,796,0.6366359406136766,0.08718865692881947
YARN6----hyg-gx-0018.odata.ncmp.unicom.local,1,797,0.3589153177507133,0.08718865692881947
YARN6----hyg-gx-0018.odata.ncmp.unicom.local,1,798,0.25563185784023096,0.08838141776624878
YARN6----hyg-gx-0018.odata.ncmp.unicom.local,1,801,0.2114845463651336,0.08844271902426108
YARN6----hyg-gx-0018.odata.ncmp.unicom.local,1,804,1.0,0.08844271902426108
YARN6----hyg-gx-0018.odata.ncmp.unicom.local,1,805,0.42138428256884924,0.08887553119583227
YARN6----hyg-gx-0121.odata.ncmp.unicom.local,5,806,0.12926604946933035,0.08887553119583227
YARN6----hyg-gx-0229.odata.ncmp.unicom.local,9,836,0.09931703979579,0.08774236995655643
YARN6----hyg-gx-0018.odata.ncmp.unicom.local,1,837,0.22590866688796443,0.08774236995655643
YARN6----hyg-gx-0018.odata.ncmp.unicom.local,1,838,0.1284872545802358,0.088223543531363
YARN6----hyg-gx-0018.odata.ncmp.unicom.local,1,839,0.24581077513110441,0.088223543531363
YARN6----hyg-gx-0018.odata.ncmp.unicom.local,1,840,0.14018213324107753,0.088223543531363
YARN6----hyg-gx-0018.odata.ncmp.unicom.local,1,847,0.430971980079161,0.08852515119572804
YARN6----hyg-gx-0018.odata.ncmp.unicom.local,1,848,0.5000303290298933,0.08861468612838688
YARN6----hyg-gx-0018.odata.ncmp.unicom.local,1,897,0.30758215648176185,0.08570498895189343
YARN6----hyg-gx-0018.odata.ncmp.unicom.local,1,898,0.24129911890538774,0.08572846434902837
YARN6----hyg-gx-0180.odata.ncmp.unicom.local,8,907,0.13941000537338255,0.0854963054680984
YARN6----hyg-gx-0061.odata.ncmp.unicom.local,3,915,0.12441095879689251,0.08520691703301679
YARN6----hyg-gx-0018.odata.ncmp.unicom.local,1,918,0.1693093319300555,0.0852075628265848
YARN6----hyg-gx-0018.odata.ncmp.unicom.local,1,919,0.4121352539657021,0.0852075628265848
YARN6----hyg-gx-0018.odata.ncmp.unicom.local,1,920,0.17821243285717703,0.0852075628265848
YARN6----hyg-gx-0041.odata.ncmp.unicom.local,2,930,0.10342950318398006,0.08534445924965353
YARN6----hyg-gx-0018.odata.ncmp.unicom.local,1,933,0.11219563429868017,0.08532315270393641
YARN6----hyg-gx-0018.odata.ncmp.unicom.local,1,937,0.5660021232214517,0.08531227741018063
YARN6----hyg-gx-0018.odata.ncmp.unicom.local,1,938,0.34363740821050076,0.08540702432554895
YARN6----hyg-gx-0018.odata.ncmp.unicom.local,1,939,0.3219977558411471,0.08540702432554895
YARN6----hyg-gx-0018.odata.ncmp.unicom.local,1,940,0.41893782498376086,0.08540702432554895
YARN6----hyg-gx-0018.odata.ncmp.unicom.local,1,941,0.6951346744634681,0.08607042754281946
YARN6----hyg-gx-0018.odata.ncmp.unicom.local,1,942,0.5146120595166026,0.08607042754281946
YARN6----hyg-gx-0018.odata.ncmp.unicom.local,1,943,0.12341485057003743,0.08607042754281946
YARN6----hyg-gx-0018.odata.ncmp.unicom.local,1,945,0.09287184479464533,0.08669017243163457
YARN6----hyg-gx-0018.odata.ncmp.unicom.local,1,947,0.3064315469376927,0.08669017243163457
YARN6----hyg-gx-0018.odata.ncmp.unicom.local,1,948,0.6608980914929312,0.0868955004623383
YARN6----hyg-gx-0018.odata.ncmp.unicom.local,1,949,0.18987433934946407,0.0868955004623383
YARN6----hyg-gx-0004.odata.ncmp.unicom.local,0,957,0.08710943957444174,0.08703036030128519
YARN6----hyg-gx-0061.odata.ncmp.unicom.local,3,968,0.10141685171793283,0.08643303154040047
YARN6----hyg-gx-0018.odata.ncmp.unicom.local,1,981,0.1688665943693288,0.08603980327356613
YARN6----hyg-gx-0018.odata.ncmp.unicom.local,1,982,0.21862004239499733,0.08603980327356613
YARN6----hyg-gx-0018.odata.ncmp.unicom.local,1,983,0.16860647796518657,0.08603980327356613
YARN6----hyg-gx-0018.odata.ncmp.unicom.local,1,984,0.13975448129563595,0.08603980327356613
YARN6----hyg-gx-0239.odata.ncmp.unicom.local,10,987,0.13655726187119574,0.08656344983556374
YARN6----hyg-gx-0239.odata.ncmp.unicom.local,10,988,0.1146452952100268,0.08656344983556374
YARN6----hyg-gx-0018.odata.ncmp.unicom.local,1,990,0.3910596394967161,0.08656344983556374
YARN6----hyg-gx-0018.odata.ncmp.unicom.local,1,991,0.5490135743396083,0.08700779855376216
YARN6----hyg-gx-0018.odata.ncmp.unicom.local,1,992,0.27471492447692836,0.08700779855376216
YARN6----hyg-gx-0061.odata.ncmp.unicom.local,3,1036,0.10708233659390919,0.08495706109106108
YARN6----hyg-gx-0018.odata.ncmp.unicom.local,1,1042,0.37721151806294134,0.08479769024640181
YARN6----hyg-gx-0018.odata.ncmp.unicom.local,1,1043,0.3314351652761706,0.08479769024640181
YARN6----hyg-gx-0303.odata.ncmp.unicom.local,13,1047,0.15439295641891984,0.08492537003587586
YARN6----hyg-gx-0141.odata.ncmp.unicom.local,6,1057,0.08637575162184566,0.0848608304901462
YARN6----hyg-gx-0018.odata.ncmp.unicom.local,1,1061,0.17322960363271714,0.08473896864588626
YARN6----hyg-gx-0018.odata.ncmp.unicom.local,1,1062,0.10509580880579555,0.08473896864588626
YARN6----hyg-gx-0180.odata.ncmp.unicom.local,8,1064,0.09440634064190366,0.08488695846592693
YARN6----hyg-gx-0018.odata.ncmp.unicom.local,1,1065,0.11541918254017397,0.08488695846592693
YARN6----hyg-gx-0018.odata.ncmp.unicom.local,1,1066,0.12777419888913064,0.08488695846592693
YARN6----hyg-gx-0018.odata.ncmp.unicom.local,1,1082,0.17981469562372612,0.0846048578541588
YARN6----hyg-gx-0018.odata.ncmp.unicom.local,1,1083,0.362744192085455,0.0846048578541588
YARN6----hyg-gx-0018.odata.ncmp.unicom.local,1,1084,0.5286599548933791,0.0846048578541588
YARN6----hyg-gx-0018.odata.ncmp.unicom.local,1,1085,0.5980971800187933,0.0851644862127561
YARN6----hyg-gx-0018.odata.ncmp.unicom.local,1,1086,0.31138597228400067,0.0851644862127561
YARN6----hyg-gx-0018.odata.ncmp.unicom.local,1,1087,0.23224568256318112,0.0851644862127561
YARN6----hyg-gx-0018.odata.ncmp.unicom.local,1,1088,0.21759385761716585,0.08579678966847433
YARN6----hyg-gx-0180.odata.ncmp.unicom.local,8,1090,0.08667118351449012,0.08579678966847433
YARN6----hyg-gx-0018.odata.ncmp.unicom.local,1,1091,0.2700209311334088,0.08603481044961367
YARN6----hyg-gx-0018.odata.ncmp.unicom.local,1,1092,0.8500655845546528,0.08603481044961367
YARN6----hyg-gx-0018.odata.ncmp.unicom.local,1,1093,0.25142847837205634,0.08603481044961367
YARN6----hyg-gx-0229.odata.ncmp.unicom.local,9,1096,0.0944444728483226,0.08651979038040315
YARN6----hyg-gx-0004.odata.ncmp.unicom.local,0,1102,0.15661740613638647,0.08641839932848538
YARN6----hyg-gx-0273.odata.ncmp.unicom.local,12,1102,0.09275109675263511,0.08641839932848538
YARN6----hyg-gx-0253.odata.ncmp.unicom.local,11,1112,0.09390803404955922,0.08628481675290181
YARN6----hyg-gx-0091.odata.ncmp.unicom.local,4,1118,0.11221299222421743,0.08611163642411593
YARN6----hyg-gx-0180.odata.ncmp.unicom.local,8,1119,0.12520622793531516,0.08611163642411593
YARN6----hyg-gx-0018.odata.ncmp.unicom.local,1,1125,0.24225501986472558,0.08616993677404675
YARN6----hyg-gx-0018.odata.ncmp.unicom.local,1,1126,0.2623549453392613,0.08616993677404675
YARN6----hyg-gx-0018.odata.ncmp.unicom.local,1,1127,0.10885016241021929,0.08616993677404675
YARN6----hyg-gx-0018.odata.ncmp.unicom.local,1,1128,0.17982569423654385,0.0866497501887174
YARN6----hyg-gx-0018.odata.ncmp.unicom.local,1,1130,0.11485695144205543,0.0866497501887174
YARN6----hyg-gx-0121.odata.ncmp.unicom.local,5,1131,0.1396145448559409,0.08682338121857162
YARN6----hyg-gx-0323.odata.ncmp.unicom.local,14,1131,0.09524563579146175,0.08682338121857162
YARN6----hyg-gx-0121.odata.ncmp.unicom.local,5,1132,0.09656337848855642,0.08682338121857162
YARN6----hyg-gx-0018.odata.ncmp.unicom.local,1,1135,0.451555639378556,0.08719841593421947
YARN6----hyg-gx-0018.odata.ncmp.unicom.local,1,1136,0.5640127787154213,0.08719841593421947
YARN6----hyg-gx-0303.odata.ncmp.unicom.local,13,1142,0.09101506749992283,0.0873475725892001
